{"cameraMode":{"drawMode":0,"name":"Shaded","section":"Shading Mode"},"sceneLighting":false,"audioPlay":false,"sceneViewState":{"m_AlwaysRefresh":false,"showFog":true,"showSkybox":false,"showFlares":true,"showImageEffects":true,"showParticleSystems":true,"showVisualEffectGraphs":true,"m_FxEnabled":true},"in2DMode":false,"pivot":{"x":-0.5253314971923828,"y":0.5557641983032227,"z":0.24369359016418458},"rotation":{"x":-0.0851595550775528,"y":0.9111751914024353,"z":-0.32468748092651369,"w":-0.23899628221988679},"size":1.774456262588501,"orthographic":false}