{"cameraMode":{"drawMode":0,"name":"Shaded","section":"Shading Mode"},"sceneLighting":false,"audioPlay":false,"sceneViewState":{"m_AlwaysRefresh":false,"showFog":true,"showSkybox":false,"showFlares":true,"showImageEffects":true,"showParticleSystems":true,"showVisualEffectGraphs":true,"m_FxEnabled":true},"in2DMode":false,"pivot":{"x":16.257081985473634,"y":0.9568442702293396,"z":7.445219993591309},"rotation":{"x":-0.49106088280677798,"y":0.008387763984501362,"z":-0.0046746558509767059,"w":-0.8711195588111877},"size":1.207395076751709,"orthographic":false}